{
  "numeric": {
    "tenure_days": {
      "mean": 82.33705357142857,
      "std": 40.48964002397661
    },
    "n_events": {
      "mean": 735.1004464285714,
      "std": 796.8163976869953
    },
    "n_songs": {
      "mean": 605.4375,
      "std": 668.5864390370662
    },
    "n_days_active": {
      "mean": 8.263392857142858,
      "std": 6.144996457978083
    },
    "n_sessions": {
      "mean": 8.066964285714286,
      "std": 7.138300733071998
    },
    "n_artists": {
      "mean": 456.26339285714283,
      "std": 425.55310364932245
    },
    "n_unique_songs": {
      "mean": 554.6785714285714,
      "std": 578.374858592923
    },
    "events_per_day": {
      "mean": 75.36642739438219,
      "std": 40.36288187882226
    },
    "songs_per_session": {
      "mean": 68.75303663379833,
      "std": 46.62954727224975
    },
    "total_session_min": {
      "mean": 2523.2936383928572,
      "std": 2789.0159665007545
    },
    "avg_session_min": {
      "mean": 286.87665478954966,
      "std": 196.09061266333688
    },
    "page_nextsong": {
      "mean": 605.4375,
      "std": 668.5864390370662
    },
    "page_logout": {
      "mean": 7.997767857142857,
      "std": 8.504331596422533
    },
    "page_home": {
      "mean": 26.082589285714285,
      "std": 26.32514518140598
    },
    "page_downgrade": {
      "mean": 5.700892857142857,
      "std": 7.696230482674295
    },
    "page_add_to_playlist": {
      "mean": 17.131696428571427,
      "std": 19.321483121348624
    },
    "page_roll_advert": {
      "mean": 9.290178571428571,
      "std": 14.367022391515572
    },
    "page_thumbs_up": {
      "mean": 32.70982142857143,
      "std": 38.97567571160502
    },
    "page_help": {
      "mean": 3.700892857142857,
      "std": 4.396609814637511
    },
    "page_thumbs_down": {
      "mean": 7.104910714285714,
      "std": 8.529631815771458
    },
    "page_add_friend": {
      "mean": 11.203125,
      "std": 13.064103263029027
    },
    "page_settings": {
      "mean": 4.127232142857143,
      "std": 4.894363515572622
    },
    "page_save_settings": {
      "mean": 0.7723214285714286,
      "std": 1.1903413342058955
    },
    "page_upgrade": {
      "mean": 1.0647321428571428,
      "std": 1.6617565353914674
    },
    "page_about": {
      "mean": 1.4017857142857142,
      "std": 2.019811800332789
    },
    "page_submit_downgrade": {
      "mean": 0.16517857142857142,
      "std": 0.41666401934526787
    },
    "page_submit_upgrade": {
      "mean": 0.33035714285714285,
      "std": 0.5068881502584736
    },
    "page_error": {
      "mean": 0.6674107142857143,
      "std": 1.0809265681763258
    }
  },
  "categorical": {
    "level": {
      "paid": 0.6116071428571429,
      "free": 0.38839285714285715
    },
    "device": {
      "Windows": 0.4955357142857143,
      "Mac": 0.3861607142857143,
      "iOS": 0.060267857142857144,
      "Linux": 0.05803571428571429
    }
  }
}